일자,주가(USD),PER(일별),매출(USD),영업이익(USD),영업이익률(%),순이익(USD),매출성장률YoY(%),순이익성장률YoY(%),EPS추정치,EPS실적,컨센서스,서프라이즈(%),자사주매입(USD),배당금지급(USD)
2024-10-01,80.48522186279297,35.641895769450564,169335000000.0,7940000000.0,4.688930227064694,4501000000.0,4.763929488882983,56.09864474561208,0.65,0.67,상회,3.76,-1013000000.0,-1665000000.0
2024-10-02,79.6533432006836,35.27350848192742,169335000000.0,7940000000.0,4.688930227064694,4501000000.0,4.763929488882983,56.09864474561208,0.65,0.67,상회,3.76,-1013000000.0,-1665000000.0
2024-10-03,79.6533432006836,35.27350848192742,169335000000.0,7940000000.0,4.688930227064694,4501000000.0,4.763929488882983,56.09864474561208,0.65,0.67,상회,3.76,-1013000000.0,-1665000000.0
2024-10-04,80.1584243774414,35.49717750141279,169335000000.0,7940000000.0,4.688930227064694,4501000000.0,4.763929488882983,56.09864474561208,0.65,0.67,상회,3.76,-1013000000.0,-1665000000.0
2024-10-07,78.336181640625,34.69021960045839,169335000000.0,7940000000.0,4.688930227064694,4501000000.0,4.763929488882983,56.09864474561208,0.65,0.67,상회,3.76,-1013000000.0,-1665000000.0
2024-10-08,78.9402847290039,34.957739261977245,169335000000.0,7940000000.0,4.688930227064694,4501000000.0,4.763929488882983,56.09864474561208,0.65,0.67,상회,3.76,-1013000000.0,-1665000000.0
2024-10-09,79.62362670898438,35.260348897158146,169335000000.0,7940000000.0,4.688930227064694,4501000000.0,4.763929488882983,56.09864474561208,0.65,0.67,상회,3.76,-1013000000.0,-1665000000.0
2024-10-10,78.84126281738281,34.91388861994376,169335000000.0,7940000000.0,4.688930227064694,4501000000.0,4.763929488882983,56.09864474561208,0.65,0.67,상회,3.76,-1013000000.0,-1665000000.0
2024-10-11,79.32652282714844,35.12878007813759,169335000000.0,7940000000.0,4.688930227064694,4501000000.0,4.763929488882983,56.09864474561208,0.65,0.67,상회,3.76,-1013000000.0,-1665000000.0
2024-10-14,79.51469421386719,35.21210947447889,169335000000.0,7940000000.0,4.688930227064694,4501000000.0,4.763929488882983,56.09864474561208,0.65,0.67,상회,3.76,-1013000000.0,-1665000000.0
2024-10-15,80.86155700683594,35.80855118354915,169335000000.0,7940000000.0,4.688930227064694,4501000000.0,4.763929488882983,56.09864474561208,0.65,0.67,상회,3.76,-1013000000.0,-1665000000.0
2024-10-16,80.43571472167969,35.61997213772583,169335000000.0,7940000000.0,4.688930227064694,4501000000.0,4.763929488882983,56.09864474561208,0.65,0.67,상회,3.76,-1013000000.0,-1665000000.0
2024-10-17,80.10889434814453,35.47524373393599,169335000000.0,7940000000.0,4.688930227064694,4501000000.0,4.763929488882983,56.09864474561208,0.65,0.67,상회,3.76,-1013000000.0,-1665000000.0
2024-10-18,80.52484893798828,35.65944413486561,169335000000.0,7940000000.0,4.688930227064694,4501000000.0,4.763929488882983,56.09864474561208,0.65,0.67,상회,3.76,-1013000000.0,-1665000000.0
2024-10-21,80.02967071533203,35.44016051744199,169335000000.0,7940000000.0,4.688930227064694,4501000000.0,4.763929488882983,56.09864474561208,0.65,0.67,상회,3.76,-1013000000.0,-1665000000.0
2024-10-22,81.22798156738281,35.970817817001965,169335000000.0,7940000000.0,4.688930227064694,4501000000.0,4.763929488882983,56.09864474561208,0.65,0.67,상회,3.76,-1013000000.0,-1665000000.0
2024-10-23,82.46591186523438,36.51902010339297,169335000000.0,7940000000.0,4.688930227064694,4501000000.0,4.763929488882983,56.09864474561208,0.65,0.67,상회,3.76,-1013000000.0,-1665000000.0
2024-10-24,82.23814392089844,36.41815585597271,169335000000.0,7940000000.0,4.688930227064694,4501000000.0,4.763929488882983,56.09864474561208,0.65,0.67,상회,3.76,-1013000000.0,-1665000000.0
2024-10-25,81.7132568359375,36.185716032363835,169335000000.0,7940000000.0,4.688930227064694,4501000000.0,4.763929488882983,56.09864474561208,0.65,0.67,상회,3.76,-1013000000.0,-1665000000.0
2024-10-28,81.95093536376953,36.29096906042987,169335000000.0,7940000000.0,4.688930227064694,4501000000.0,4.763929488882983,56.09864474561208,0.65,0.67,상회,3.76,-1013000000.0,-1665000000.0
2024-10-29,80.91107177734375,35.8304781938579,169335000000.0,7940000000.0,4.688930227064694,4501000000.0,4.763929488882983,56.09864474561208,0.65,0.67,상회,3.76,-1013000000.0,-1665000000.0
2024-10-30,80.60405731201172,35.694520594191566,169335000000.0,7940000000.0,4.688930227064694,4501000000.0,4.763929488882983,56.09864474561208,0.65,0.67,상회,3.76,-1013000000.0,-1665000000.0
2024-10-31,81.15866088867188,35.63923334028779,169588000000.0,6708000000.0,3.9554685473028752,4577000000.0,4.763929488882983,56.09864474561208,0.65,0.67,상회,3.76,-977000000.0,-1668000000.0
2024-11-01,81.3963394165039,35.743605201782664,169588000000.0,6708000000.0,3.9554685473028752,4577000000.0,4.763929488882983,56.09864474561208,0.65,0.67,상회,3.76,-977000000.0,-1668000000.0
2024-11-04,81.6538314819336,35.85667778950943,169588000000.0,6708000000.0,3.9554685473028752,4577000000.0,4.763929488882983,56.09864474561208,0.65,0.67,상회,3.76,-977000000.0,-1668000000.0
2024-11-05,82.87195587158203,36.391593211779984,169588000000.0,6708000000.0,3.9554685473028752,4577000000.0,4.763929488882983,56.09864474561208,0.65,0.67,상회,3.76,-977000000.0,-1668000000.0
2024-11-06,82.63427734375,36.28722135028511,169588000000.0,6708000000.0,3.9554685473028752,4577000000.0,4.763929488882983,56.09864474561208,0.65,0.67,상회,3.76,-977000000.0,-1668000000.0
2024-11-07,83.04032135009766,36.465527607808255,169588000000.0,6708000000.0,3.9554685473028752,4577000000.0,4.763929488882983,56.09864474561208,0.65,0.67,상회,3.76,-977000000.0,-1668000000.0
2024-11-08,84.01085662841797,36.89171913031854,169588000000.0,6708000000.0,3.9554685473028752,4577000000.0,4.763929488882983,56.09864474561208,0.65,0.67,상회,3.76,-977000000.0,-1668000000.0
2024-11-11,83.39683532714844,36.62208372490112,169588000000.0,6708000000.0,3.9554685473028752,4577000000.0,4.763929488882983,56.09864474561208,0.65,0.67,상회,3.76,-977000000.0,-1668000000.0
2024-11-12,84.16930389404297,36.96129813778252,169588000000.0,6708000000.0,3.9554685473028752,4577000000.0,4.763929488882983,56.09864474561208,0.65,0.67,상회,3.76,-977000000.0,-1668000000.0
2024-11-13,84.67437744140625,37.183091274970664,169588000000.0,6708000000.0,3.9554685473028752,4577000000.0,4.763929488882983,56.09864474561208,0.65,0.67,상회,3.76,-977000000.0,-1668000000.0
2024-11-14,83.65433502197266,36.73515966292678,169588000000.0,6708000000.0,3.9554685473028752,4577000000.0,4.763929488882983,56.09864474561208,0.65,0.67,상회,3.76,-977000000.0,-1668000000.0
2024-11-15,83.43645477294922,36.63948182706601,169588000000.0,6708000000.0,3.9554685473028752,4577000000.0,4.763929488882983,56.09864474561208,0.65,0.67,상회,3.76,-977000000.0,-1668000000.0
2024-11-18,83.26810455322266,36.56555413163552,169588000000.0,6708000000.0,3.9554685473028752,4577000000.0,4.763929488882983,56.09864474561208,0.65,0.67,상회,3.76,-977000000.0,-1668000000.0
2024-11-19,85.76375579833984,37.66147040337783,169588000000.0,6708000000.0,3.9554685473028752,4577000000.0,4.763929488882983,56.09864474561208,0.65,0.67,상회,3.76,-977000000.0,-1668000000.0
2024-11-20,86.33816528320312,37.91371105692925,169588000000.0,6708000000.0,3.9554685473028752,4577000000.0,4.763929488882983,56.09864474561208,0.53,0.58,상회,8.84,-977000000.0,-1668000000.0
2024-11-21,87.53646850585938,38.43992240266901,169588000000.0,6708000000.0,3.9554685473028752,4577000000.0,4.763929488882983,56.09864474561208,0.53,0.58,상회,8.84,-977000000.0,-1668000000.0
2024-11-22,89.56668090820312,39.331450339985864,169588000000.0,6708000000.0,3.9554685473028752,4577000000.0,4.763929488882983,56.09864474561208,0.53,0.58,상회,8.84,-977000000.0,-1668000000.0
2024-11-25,88.63575744628906,38.92265356934158,169588000000.0,6708000000.0,3.9554685473028752,4577000000.0,4.763929488882983,56.09864474561208,0.53,0.58,상회,8.84,-977000000.0,-1668000000.0
2024-11-26,90.42827606201172,39.70980294456576,169588000000.0,6708000000.0,3.9554685473028752,4577000000.0,4.763929488882983,56.09864474561208,0.53,0.58,상회,8.84,-977000000.0,-1668000000.0
2024-11-27,90.99276733398438,39.95768820955289,169588000000.0,6708000000.0,3.9554685473028752,4577000000.0,4.763929488882983,56.09864474561208,0.53,0.58,상회,8.84,-977000000.0,-1668000000.0
2024-11-29,91.6067886352539,40.22732361497032,169588000000.0,6708000000.0,3.9554685473028752,4577000000.0,4.763929488882983,56.09864474561208,0.53,0.58,상회,8.84,-977000000.0,-1668000000.0
2024-12-02,91.74543762207031,40.288208596800196,169588000000.0,6708000000.0,3.9554685473028752,4577000000.0,4.763929488882983,56.09864474561208,0.53,0.58,상회,8.84,-977000000.0,-1668000000.0
2024-12-03,92.60704040527344,40.66656455167899,169588000000.0,6708000000.0,3.9554685473028752,4577000000.0,4.763929488882983,56.09864474561208,0.53,0.58,상회,8.84,-977000000.0,-1668000000.0
2024-12-04,93.53795623779297,41.07535797202438,169588000000.0,6708000000.0,3.9554685473028752,4577000000.0,4.763929488882983,56.09864474561208,0.53,0.58,상회,8.84,-977000000.0,-1668000000.0
2024-12-05,94.3797607421875,41.44501990126907,169588000000.0,6708000000.0,3.9554685473028752,4577000000.0,4.763929488882983,56.09864474561208,0.53,0.58,상회,8.84,-977000000.0,-1668000000.0
2024-12-06,94.77587890625,41.61896741992903,169588000000.0,6708000000.0,3.9554685473028752,4577000000.0,4.763929488882983,56.09864474561208,0.53,0.58,상회,8.84,-977000000.0,-1668000000.0
2024-12-09,92.92395782470703,40.805732617503644,169588000000.0,6708000000.0,3.9554685473028752,4577000000.0,4.763929488882983,56.09864474561208,0.53,0.58,상회,8.84,-977000000.0,-1668000000.0
2024-12-10,93.63699340820312,41.118848201988264,169588000000.0,6708000000.0,3.9554685473028752,4577000000.0,4.763929488882983,56.09864474561208,0.53,0.58,상회,8.84,-977000000.0,-1668000000.0
2024-12-11,94.04302978515625,41.29715110921252,169588000000.0,6708000000.0,3.9554685473028752,4577000000.0,4.763929488882983,56.09864474561208,0.53,0.58,상회,8.84,-977000000.0,-1668000000.0
2024-12-12,93.18142700195312,40.91879515433372,169588000000.0,6708000000.0,3.9554685473028752,4577000000.0,4.763929488882983,56.09864474561208,0.53,0.58,상회,8.84,-977000000.0,-1668000000.0
2024-12-13,93.54669189453125,41.07919406425985,169588000000.0,6708000000.0,3.9554685473028752,4577000000.0,4.763929488882983,56.09864474561208,0.53,0.58,상회,8.84,-977000000.0,-1668000000.0
2024-12-16,94.16207122802734,41.34942582288069,169588000000.0,6708000000.0,3.9554685473028752,4577000000.0,4.763929488882983,56.09864474561208,0.53,0.58,상회,8.84,-977000000.0,-1668000000.0
2024-12-17,94.70796203613281,41.58914305916033,169588000000.0,6708000000.0,3.9554685473028752,4577000000.0,4.763929488882983,56.09864474561208,0.53,0.58,상회,8.84,-977000000.0,-1668000000.0
2024-12-18,92.85192108154297,40.774099095331316,169588000000.0,6708000000.0,3.9554685473028752,4577000000.0,4.763929488882983,56.09864474561208,0.53,0.58,상회,8.84,-977000000.0,-1668000000.0
2024-12-19,92.70303344726562,40.70871801238353,169588000000.0,6708000000.0,3.9554685473028752,4577000000.0,4.763929488882983,56.09864474561208,0.53,0.58,상회,8.84,-977000000.0,-1668000000.0
2024-12-20,91.55168914794922,40.203127756346234,169588000000.0,6708000000.0,3.9554685473028752,4577000000.0,4.763929488882983,56.09864474561208,0.53,0.58,상회,8.84,-977000000.0,-1668000000.0
2024-12-23,89.67579650878906,39.37936631479084,169588000000.0,6708000000.0,3.9554685473028752,4577000000.0,4.763929488882983,56.09864474561208,0.53,0.58,상회,8.84,-977000000.0,-1668000000.0
2024-12-24,91.98841094970703,40.39490556572862,169588000000.0,6708000000.0,3.9554685473028752,4577000000.0,4.763929488882983,56.09864474561208,0.53,0.58,상회,8.84,-977000000.0,-1668000000.0
2024-12-26,92.09758758544922,40.44284834292477,169588000000.0,6708000000.0,3.9554685473028752,4577000000.0,4.763929488882983,56.09864474561208,0.53,0.58,상회,8.84,-977000000.0,-1668000000.0
2024-12-27,90.97602844238281,39.95033765377593,169588000000.0,6708000000.0,3.9554685473028752,4577000000.0,4.763929488882983,56.09864474561208,0.53,0.58,상회,8.84,-977000000.0,-1668000000.0
2024-12-30,89.89415740966797,39.475255219482044,169588000000.0,6708000000.0,3.9554685473028752,4577000000.0,4.763929488882983,56.09864474561208,0.53,0.58,상회,8.84,-977000000.0,-1668000000.0
2024-12-31,89.67579650878906,39.37936631479084,169588000000.0,6708000000.0,3.9554685473028752,4577000000.0,4.763929488882983,56.09864474561208,0.53,0.58,상회,8.84,-977000000.0,-1668000000.0
2025-01-02,89.32839965820312,39.22681380487823,169588000000.0,6708000000.0,3.9554685473028752,4577000000.0,4.763929488882983,56.09864474561208,0.53,0.58,상회,8.84,-977000000.0,-1668000000.0
2025-01-03,90.10259246826172,39.56678538531005,169588000000.0,6708000000.0,3.9554685473028752,4577000000.0,4.763929488882983,56.09864474561208,0.53,0.58,상회,8.84,-977000000.0,-1668000000.0
2025-01-06,90.74773406982422,39.85008665992265,169588000000.0,6708000000.0,3.9554685473028752,4577000000.0,4.763929488882983,56.09864474561208,0.53,0.58,상회,8.84,-977000000.0,-1668000000.0
2025-01-07,90.13236236572266,39.57985825160071,169588000000.0,6708000000.0,3.9554685473028752,4577000000.0,4.763929488882983,56.09864474561208,0.53,0.58,상회,8.84,-977000000.0,-1668000000.0
2025-01-08,91.11497497558594,40.011353297262744,169588000000.0,6708000000.0,3.9554685473028752,4577000000.0,4.763929488882983,56.09864474561208,0.53,0.58,상회,8.84,-977000000.0,-1668000000.0
2025-01-10,92.30601501464844,40.534375158453884,169588000000.0,6708000000.0,3.9554685473028752,4577000000.0,4.763929488882983,56.09864474561208,0.53,0.58,상회,8.84,-977000000.0,-1668000000.0
2025-01-13,90.84699249267578,39.893674048554516,169588000000.0,6708000000.0,3.9554685473028752,4577000000.0,4.763929488882983,56.09864474561208,0.53,0.58,상회,8.84,-977000000.0,-1668000000.0
2025-01-14,90.11251831054688,39.57114412417324,169588000000.0,6708000000.0,3.9554685473028752,4577000000.0,4.763929488882983,56.09864474561208,0.53,0.58,상회,8.84,-977000000.0,-1668000000.0
2025-01-15,90.65840911865234,39.810861360452876,169588000000.0,6708000000.0,3.9554685473028752,4577000000.0,4.763929488882983,56.09864474561208,0.53,0.58,상회,8.84,-977000000.0,-1668000000.0
2025-01-16,90.61870574951172,39.79342640500013,169588000000.0,6708000000.0,3.9554685473028752,4577000000.0,4.763929488882983,56.09864474561208,0.53,0.58,상회,8.84,-977000000.0,-1668000000.0
2025-01-17,91.2539291381836,40.072372291048445,169588000000.0,6708000000.0,3.9554685473028752,4577000000.0,4.763929488882983,56.09864474561208,0.53,0.58,상회,8.84,-977000000.0,-1668000000.0
2025-01-21,92.38542938232422,40.569248419658265,169588000000.0,6708000000.0,3.9554685473028752,4577000000.0,4.763929488882983,56.09864474561208,0.53,0.58,상회,8.84,-977000000.0,-1668000000.0
2025-01-22,92.5343017578125,40.63462280200826,169588000000.0,6708000000.0,3.9554685473028752,4577000000.0,4.763929488882983,56.09864474561208,0.53,0.58,상회,8.84,-977000000.0,-1668000000.0
2025-01-23,93.10997009277344,40.887416254877465,169588000000.0,6708000000.0,3.9554685473028752,4577000000.0,4.763929488882983,56.09864474561208,0.53,0.58,상회,8.84,-977000000.0,-1668000000.0
2025-01-24,94.05289459228516,41.30148304568454,169588000000.0,6708000000.0,3.9554685473028752,4577000000.0,4.763929488882983,56.09864474561208,0.53,0.58,상회,8.84,-977000000.0,-1668000000.0
2025-01-27,96.6731948852539,42.45213650078328,169588000000.0,6708000000.0,3.9554685473028752,4577000000.0,4.763929488882983,56.09864474561208,0.53,0.58,상회,8.84,-977000000.0,-1668000000.0
2025-01-28,96.56401062011719,42.40419037328824,169588000000.0,6708000000.0,3.9554685473028752,4577000000.0,4.763929488882983,56.09864474561208,0.53,0.58,상회,8.84,-977000000.0,-1668000000.0
2025-01-29,96.7724380493164,42.49571718881735,169588000000.0,6708000000.0,3.9554685473028752,4577000000.0,4.763929488882983,56.09864474561208,0.53,0.58,상회,8.84,-977000000.0,-1668000000.0
2025-01-30,97.91386413574219,42.996952056290354,169588000000.0,6708000000.0,3.9554685473028752,4577000000.0,4.763929488882983,56.09864474561208,0.53,0.58,상회,8.84,-977000000.0,-1668000000.0
2025-01-31,97.42752075195312,40.648990971648466,180554000000.0,7859000000.0,4.352714423385802,5254000000.0,4.763929488882983,56.09864474561208,0.53,0.58,상회,8.84,-1445000000.0,-1684000000.0
2025-02-03,98.7972183227539,41.2204601392887,180554000000.0,7859000000.0,4.352714423385802,5254000000.0,4.763929488882983,56.09864474561208,0.53,0.58,상회,8.84,-1445000000.0,-1684000000.0
2025-02-04,100.0180435180664,41.72981634541205,180554000000.0,7859000000.0,4.352714423385802,5254000000.0,4.763929488882983,56.09864474561208,0.53,0.58,상회,8.84,-1445000000.0,-1684000000.0
2025-02-05,101.69542694091797,42.42965909092417,180554000000.0,7859000000.0,4.352714423385802,5254000000.0,4.763929488882983,56.09864474561208,0.53,0.58,상회,8.84,-1445000000.0,-1684000000.0
2025-02-06,102.08251953125,42.591162976973564,180554000000.0,7859000000.0,4.352714423385802,5254000000.0,4.763929488882983,56.09864474561208,0.53,0.58,상회,8.84,-1445000000.0,-1684000000.0
2025-02-07,100.39520263671875,41.887175759781286,180554000000.0,7859000000.0,4.352714423385802,5254000000.0,4.763929488882983,56.09864474561208,0.53,0.58,상회,8.84,-1445000000.0,-1684000000.0
2025-02-10,102.1520004272461,42.620151996628884,180554000000.0,7859000000.0,4.352714423385802,5254000000.0,4.763929488882983,56.09864474561208,0.53,0.58,상회,8.84,-1445000000.0,-1684000000.0
2025-02-11,101.70535278320312,42.43380037944635,180554000000.0,7859000000.0,4.352714423385802,5254000000.0,4.763929488882983,56.09864474561208,0.53,0.58,상회,8.84,-1445000000.0,-1684000000.0
2025-02-12,102.83685302734375,42.905888172027986,180554000000.0,7859000000.0,4.352714423385802,5254000000.0,4.763929488882983,56.09864474561208,0.53,0.58,상회,8.84,-1445000000.0,-1684000000.0
2025-02-13,104.26610565185547,43.50220507080134,180554000000.0,7859000000.0,4.352714423385802,5254000000.0,4.763929488882983,56.09864474561208,0.53,0.58,상회,8.84,-1445000000.0,-1684000000.0
2025-02-14,103.26364135742188,43.08395402900816,180554000000.0,7859000000.0,4.352714423385802,5254000000.0,4.763929488882983,56.09864474561208,0.53,0.58,상회,8.84,-1445000000.0,-1684000000.0
2025-02-18,103.00557708740234,42.976283710589236,180554000000.0,7859000000.0,4.352714423385802,5254000000.0,4.763929488882983,56.09864474561208,0.53,0.58,상회,8.84,-1445000000.0,-1684000000.0
2025-02-19,103.22393798828125,43.06738887491941,180554000000.0,7859000000.0,4.352714423385802,5254000000.0,4.763929488882983,56.09864474561208,0.53,0.58,상회,8.84,-1445000000.0,-1684000000.0
2025-02-20,96.48460388183594,40.255584477830446,180554000000.0,7859000000.0,4.352714423385802,5254000000.0,4.763929488882983,56.09864474561208,0.53,0.58,상회,8.84,-1445000000.0,-1684000000.0
2025-02-21,94.07273864746094,39.24929911430828,180554000000.0,7859000000.0,4.352714423385802,5254000000.0,4.763929488882983,56.09864474561208,0.65,0.66,상회,2.04,-1445000000.0,-1684000000.0
2025-02-24,92.97101593017578,38.789635187293214,180554000000.0,7859000000.0,4.352714423385802,5254000000.0,4.763929488882983,56.09864474561208,0.65,0.66,상회,2.04,-1445000000.0,-1684000000.0
2025-02-25,96.96102142333984,40.454356777421566,180554000000.0,7859000000.0,4.352714423385802,5254000000.0,4.763929488882983,56.09864474561208,0.65,0.66,상회,2.04,-1445000000.0,-1684000000.0
2025-02-26,95.48213195800781,39.83733025287929,180554000000.0,7859000000.0,4.352714423385802,5254000000.0,4.763929488882983,56.09864474561208,0.65,0.66,상회,2.04,-1445000000.0,-1684000000.0
2025-02-27,96.06774139404297,40.081659909372455,180554000000.0,7859000000.0,4.352714423385802,5254000000.0,4.763929488882983,56.09864474561208,0.65,0.66,상회,2.04,-1445000000.0,-1684000000.0
2025-02-28,97.87415313720703,40.835336222515046,180554000000.0,7859000000.0,4.352714423385802,5254000000.0,4.763929488882983,56.09864474561208,0.65,0.66,상회,2.04,-1445000000.0,-1684000000.0
2025-03-03,96.86177062988281,40.41294707535765,180554000000.0,7859000000.0,4.352714423385802,5254000000.0,4.763929488882983,56.09864474561208,0.65,0.66,상회,2.04,-1445000000.0,-1684000000.0
2025-03-04,94.26132202148438,39.327980413071884,180554000000.0,7859000000.0,4.352714423385802,5254000000.0,4.763929488882983,56.09864474561208,0.65,0.66,상회,2.04,-1445000000.0,-1684000000.0
2025-03-05,95.26378631591797,39.74623145486507,180554000000.0,7859000000.0,4.352714423385802,5254000000.0,4.763929488882983,56.09864474561208,0.65,0.66,상회,2.04,-1445000000.0,-1684000000.0
2025-03-06,93.93378448486328,39.19132425815562,180554000000.0,7859000000.0,4.352714423385802,5254000000.0,4.763929488882983,56.09864474561208,0.65,0.66,상회,2.04,-1445000000.0,-1684000000.0
2025-03-07,91.03557586669922,37.982125306520146,180554000000.0,7859000000.0,4.352714423385802,5254000000.0,4.763929488882983,56.09864474561208,0.65,0.66,상회,2.04,-1445000000.0,-1684000000.0
2025-03-10,87.16468048095703,36.36709917865806,180554000000.0,7859000000.0,4.352714423385802,5254000000.0,4.763929488882983,56.09864474561208,0.65,0.66,상회,2.04,-1445000000.0,-1684000000.0
2025-03-11,86.78751373291016,36.209736581130855,180554000000.0,7859000000.0,4.352714423385802,5254000000.0,4.763929488882983,56.09864474561208,0.65,0.66,상회,2.04,-1445000000.0,-1684000000.0
2025-03-12,84.56422424316406,35.28212933321432,180554000000.0,7859000000.0,4.352714423385802,5254000000.0,4.763929488882983,56.09864474561208,0.65,0.66,상회,2.04,-1445000000.0,-1684000000.0
2025-03-13,83.86944580078125,34.992251869293035,180554000000.0,7859000000.0,4.352714423385802,5254000000.0,4.763929488882983,56.09864474561208,0.65,0.66,상회,2.04,-1445000000.0,-1684000000.0
2025-03-14,84.71309661865234,35.3442422947312,180554000000.0,7859000000.0,4.352714423385802,5254000000.0,4.763929488882983,56.09864474561208,0.65,0.66,상회,2.04,-1445000000.0,-1684000000.0
2025-03-17,86.80735778808594,36.21801597501726,180554000000.0,7859000000.0,4.352714423385802,5254000000.0,4.763929488882983,56.09864474561208,0.65,0.66,상회,2.04,-1445000000.0,-1684000000.0
2025-03-18,84.9513168334961,35.44363321926372,180554000000.0,7859000000.0,4.352714423385802,5254000000.0,4.763929488882983,56.09864474561208,0.65,0.66,상회,2.04,-1445000000.0,-1684000000.0
2025-03-19,85.68579864501953,35.75007583727376,180554000000.0,7859000000.0,4.352714423385802,5254000000.0,4.763929488882983,56.09864474561208,0.65,0.66,상회,2.04,-1445000000.0,-1684000000.0
2025-03-20,85.16967010498047,35.53473520043592,180554000000.0,7859000000.0,4.352714423385802,5254000000.0,4.763929488882983,56.09864474561208,0.65,0.66,상회,2.04,-1445000000.0,-1684000000.0
2025-03-21,85.57275390625,35.702910985595615,180554000000.0,7859000000.0,4.352714423385802,5254000000.0,4.763929488882983,56.09864474561208,0.65,0.66,상회,2.04,-1445000000.0,-1684000000.0
2025-03-24,87.07559967041016,36.329932626171455,180554000000.0,7859000000.0,4.352714423385802,5254000000.0,4.763929488882983,56.09864474561208,0.65,0.66,상회,2.04,-1445000000.0,-1684000000.0
2025-03-25,84.35853576660156,35.19631139427643,180554000000.0,7859000000.0,4.352714423385802,5254000000.0,4.763929488882983,56.09864474561208,0.65,0.66,상회,2.04,-1445000000.0,-1684000000.0
2025-03-26,84.80640411376953,35.38317231673455,180554000000.0,7859000000.0,4.352714423385802,5254000000.0,4.763929488882983,56.09864474561208,0.65,0.66,상회,2.04,-1445000000.0,-1684000000.0
2025-03-27,85.22441101074219,35.55757435888842,180554000000.0,7859000000.0,4.352714423385802,5254000000.0,4.763929488882983,56.09864474561208,0.65,0.66,상회,2.04,-1445000000.0,-1684000000.0
2025-03-28,84.74668884277344,35.358257739284,180554000000.0,7859000000.0,4.352714423385802,5254000000.0,4.763929488882983,56.09864474561208,0.65,0.66,상회,2.04,-1445000000.0,-1684000000.0
2025-03-31,87.37418365478516,36.45450869658219,180554000000.0,7859000000.0,4.352714423385802,5254000000.0,4.763929488882983,56.09864474561208,0.65,0.66,상회,2.04,-1445000000.0,-1684000000.0
2025-04-01,88.40925598144531,36.88636455554972,180554000000.0,7859000000.0,4.352714423385802,5254000000.0,4.763929488882983,56.09864474561208,0.65,0.66,상회,2.04,-1445000000.0,-1684000000.0
2025-04-02,89.33484649658203,37.27254209761226,180554000000.0,7859000000.0,4.352714423385802,5254000000.0,4.763929488882983,56.09864474561208,0.65,0.66,상회,2.04,-1445000000.0,-1684000000.0
2025-04-03,86.84669494628906,36.23442833752333,180554000000.0,7859000000.0,4.352714423385802,5254000000.0,4.763929488882983,56.09864474561208,0.65,0.66,상회,2.04,-1445000000.0,-1684000000.0
2025-04-04,82.79596710205078,34.544371993092064,180554000000.0,7859000000.0,4.352714423385802,5254000000.0,4.763929488882983,56.09864474561208,0.65,0.66,상회,2.04,-1445000000.0,-1684000000.0
2025-04-07,83.43293762207031,34.81013066905592,180554000000.0,7859000000.0,4.352714423385802,5254000000.0,4.763929488882983,56.09864474561208,0.65,0.66,상회,2.04,-1445000000.0,-1684000000.0
2025-04-08,81.40260314941406,33.96302866942123,180554000000.0,7859000000.0,4.352714423385802,5254000000.0,4.763929488882983,56.09864474561208,0.65,0.66,상회,2.04,-1445000000.0,-1684000000.0
2025-04-09,89.17560577392578,37.20610322441079,180554000000.0,7859000000.0,4.352714423385802,5254000000.0,4.763929488882983,56.09864474561208,0.65,0.66,상회,2.04,-1445000000.0,-1684000000.0
2025-04-10,90.18081665039062,37.625500203074054,180554000000.0,7859000000.0,4.352714423385802,5254000000.0,4.763929488882983,56.09864474561208,0.65,0.66,상회,2.04,-1445000000.0,-1684000000.0
2025-04-11,92.3604507446289,38.53489342107209,180554000000.0,7859000000.0,4.352714423385802,5254000000.0,4.763929488882983,56.09864474561208,0.65,0.66,상회,2.04,-1445000000.0,-1684000000.0
2025-04-14,94.28131103515625,39.33632028695977,180554000000.0,7859000000.0,4.352714423385802,5254000000.0,4.763929488882983,56.09864474561208,0.65,0.66,상회,2.04,-1445000000.0,-1684000000.0
2025-04-15,93.52490997314453,39.020732456094805,180554000000.0,7859000000.0,4.352714423385802,5254000000.0,4.763929488882983,56.09864474561208,0.65,0.66,상회,2.04,-1445000000.0,-1684000000.0
2025-04-16,90.7580795288086,37.86634748474533,180554000000.0,7859000000.0,4.352714423385802,5254000000.0,4.763929488882983,56.09864474561208,0.65,0.66,상회,2.04,-1445000000.0,-1684000000.0
2025-04-17,92.77845764160156,38.709295463225956,180554000000.0,7859000000.0,4.352714423385802,5254000000.0,4.763929488882983,56.09864474561208,0.65,0.66,상회,2.04,-1445000000.0,-1684000000.0
2025-04-21,91.97229766845703,38.37294707606452,180554000000.0,7859000000.0,4.352714423385802,5254000000.0,4.763929488882983,56.09864474561208,0.65,0.66,상회,2.04,-1445000000.0,-1684000000.0
2025-04-22,94.40074157714844,39.38614944186087,180554000000.0,7859000000.0,4.352714423385802,5254000000.0,4.763929488882983,56.09864474561208,0.65,0.66,상회,2.04,-1445000000.0,-1684000000.0
2025-04-23,94.51021575927734,39.4318245756079,180554000000.0,7859000000.0,4.352714423385802,5254000000.0,4.763929488882983,56.09864474561208,0.65,0.66,상회,2.04,-1445000000.0,-1684000000.0
2025-04-24,95.38604736328125,39.79724156137396,180554000000.0,7859000000.0,4.352714423385802,5254000000.0,4.763929488882983,56.09864474561208,0.65,0.66,상회,2.04,-1445000000.0,-1684000000.0
2025-04-25,94.63959503173828,39.4858045685051,180554000000.0,7859000000.0,4.352714423385802,5254000000.0,4.763929488882983,56.09864474561208,0.65,0.66,상회,2.04,-1445000000.0,-1684000000.0
2025-04-28,94.76898956298828,39.53979092771826,180554000000.0,7859000000.0,4.352714423385802,5254000000.0,4.763929488882983,56.09864474561208,0.65,0.66,상회,2.04,-1445000000.0,-1684000000.0
2025-04-29,95.5851058959961,39.880293336033766,180554000000.0,7859000000.0,4.352714423385802,5254000000.0,4.763929488882983,56.09864474561208,0.65,0.66,상회,2.04,-1445000000.0,-1684000000.0
2025-04-30,96.78936767578125,41.00575050063888,165609000000.0,7135000000.0,4.308340730274321,4487000000.0,4.763929488882983,56.09864474561208,0.65,0.66,상회,2.04,-4555000000.0,-1880000000.0
2025-05-01,96.94862365722656,41.07322083542561,165609000000.0,7135000000.0,4.308340730274321,4487000000.0,4.763929488882983,56.09864474561208,0.65,0.66,상회,2.04,-4555000000.0,-1880000000.0
2025-05-02,98.28226470947266,41.6382307487975,165609000000.0,7135000000.0,4.308340730274321,4487000000.0,4.763929488882983,56.09864474561208,0.65,0.66,상회,2.04,-4555000000.0,-1880000000.0
2025-05-05,98.85952758789062,41.8827937429993,165609000000.0,7135000000.0,4.308340730274321,4487000000.0,4.763929488882983,56.09864474561208,0.65,0.66,상회,2.04,-4555000000.0,-1880000000.0
2025-05-06,98.08321380615234,41.55390091098079,165609000000.0,7135000000.0,4.308340730274321,4487000000.0,4.763929488882983,56.09864474561208,0.65,0.66,상회,2.04,-4555000000.0,-1880000000.0
2025-05-07,98.36189270019531,41.671965916190864,165609000000.0,7135000000.0,4.308340730274321,4487000000.0,4.763929488882983,56.09864474561208,0.65,0.66,상회,2.04,-4555000000.0,-1880000000.0
2025-05-08,96.96852111816406,41.0816505869406,165609000000.0,7135000000.0,4.308340730274321,4487000000.0,4.763929488882983,56.09864474561208,0.65,0.66,상회,2.04,-4555000000.0,-1880000000.0
2025-05-09,96.49462890625,40.88088157405648,165609000000.0,7135000000.0,4.308340730274321,4487000000.0,4.763929488882983,56.09864474561208,0.65,0.66,상회,2.04,-4555000000.0,-1880000000.0
2025-05-12,96.52455139160156,40.893558523995814,165609000000.0,7135000000.0,4.308340730274321,4487000000.0,4.763929488882983,56.09864474561208,0.65,0.66,상회,2.04,-4555000000.0,-1880000000.0
2025-05-13,95.65657806396484,40.5258332400214,165609000000.0,7135000000.0,4.308340730274321,4487000000.0,4.763929488882983,56.09864474561208,0.65,0.66,상회,2.04,-4555000000.0,-1880000000.0
2025-05-14,96.6043701171875,40.92737449805631,165609000000.0,7135000000.0,4.308340730274321,4487000000.0,4.763929488882983,56.09864474561208,0.65,0.66,상회,2.04,-4555000000.0,-1880000000.0
2025-05-15,96.12548828125,40.72449158276008,165609000000.0,7135000000.0,4.308340730274321,4487000000.0,4.763929488882983,56.09864474561208,0.65,0.66,상회,2.04,-4555000000.0,-1880000000.0
2025-05-16,98.01107788085938,41.52333982947229,165609000000.0,7135000000.0,4.308340730274321,4487000000.0,4.763929488882983,56.09864474561208,0.58,0.61,상회,5.64,-4555000000.0,-1880000000.0
2025-05-19,97.89136505126953,41.472622332914916,165609000000.0,7135000000.0,4.308340730274321,4487000000.0,4.763929488882983,56.09864474561208,0.58,0.61,상회,5.64,-4555000000.0,-1880000000.0
2025-05-20,97.57211303710938,41.33736813347299,165609000000.0,7135000000.0,4.308340730274321,4487000000.0,4.763929488882983,56.09864474561208,0.58,0.61,상회,5.64,-4555000000.0,-1880000000.0
2025-05-21,96.2052993774414,40.75830432455389,165609000000.0,7135000000.0,4.308340730274321,4487000000.0,4.763929488882983,56.09864474561208,0.58,0.61,상회,5.64,-4555000000.0,-1880000000.0
2025-05-22,95.70646667480469,40.546969031875875,165609000000.0,7135000000.0,4.308340730274321,4487000000.0,4.763929488882983,56.09864474561208,0.58,0.61,상회,5.64,-4555000000.0,-1880000000.0
2025-05-23,96.11550903320312,40.72026377793585,165609000000.0,7135000000.0,4.308340730274321,4487000000.0,4.763929488882983,56.09864474561208,0.58,0.61,상회,5.64,-4555000000.0,-1880000000.0
2025-05-27,97.35262298583984,41.244379053206664,165609000000.0,7135000000.0,4.308340730274321,4487000000.0,4.763929488882983,56.09864474561208,0.58,0.61,상회,5.64,-4555000000.0,-1880000000.0
2025-05-28,97.01341247558594,41.100669244116276,165609000000.0,7135000000.0,4.308340730274321,4487000000.0,4.763929488882983,56.09864474561208,0.58,0.61,상회,5.64,-4555000000.0,-1880000000.0
2025-05-29,96.87374114990234,41.041496137910435,165609000000.0,7135000000.0,4.308340730274321,4487000000.0,4.763929488882983,56.09864474561208,0.58,0.61,상회,5.64,-4555000000.0,-1880000000.0
2025-05-30,98.4899673461914,41.726225977035206,165609000000.0,7135000000.0,4.308340730274321,4487000000.0,4.763929488882983,56.09864474561208,0.58,0.61,상회,5.64,-4555000000.0,-1880000000.0
2025-06-02,99.53751373291016,42.17002912197902,165609000000.0,7135000000.0,4.308340730274321,4487000000.0,4.763929488882983,56.09864474561208,0.58,0.61,상회,5.64,-4555000000.0,-1880000000.0
2025-06-03,99.74703216552734,42.2587936296878,165609000000.0,7135000000.0,4.308340730274321,4487000000.0,4.763929488882983,56.09864474561208,0.58,0.61,상회,5.64,-4555000000.0,-1880000000.0
2025-06-04,99.11849212646484,41.99250657109482,165609000000.0,7135000000.0,4.308340730274321,4487000000.0,4.763929488882983,56.09864474561208,0.58,0.61,상회,5.64,-4555000000.0,-1880000000.0
2025-06-05,97.73173522949219,41.40499361706061,165609000000.0,7135000000.0,4.308340730274321,4487000000.0,4.763929488882983,56.09864474561208,0.58,0.61,상회,5.64,-4555000000.0,-1880000000.0
2025-06-06,97.24288177490234,41.197886129206836,165609000000.0,7135000000.0,4.308340730274321,4487000000.0,4.763929488882983,56.09864474561208,0.58,0.61,상회,5.64,-4555000000.0,-1880000000.0
2025-06-09,97.2229232788086,41.18943051955837,165609000000.0,7135000000.0,4.308340730274321,4487000000.0,4.763929488882983,56.09864474561208,0.58,0.61,상회,5.64,-4555000000.0,-1880000000.0
2025-06-10,97.09322357177734,41.134481985910085,165609000000.0,7135000000.0,4.308340730274321,4487000000.0,4.763929488882983,56.09864474561208,0.58,0.61,상회,5.64,-4555000000.0,-1880000000.0
2025-06-11,95.57677459716797,40.492023730494275,165609000000.0,7135000000.0,4.308340730274321,4487000000.0,4.763929488882983,56.09864474561208,0.58,0.61,상회,5.64,-4555000000.0,-1880000000.0
2025-06-12,94.6090316772461,40.082030095077585,165609000000.0,7135000000.0,4.308340730274321,4487000000.0,4.763929488882983,56.09864474561208,0.58,0.61,상회,5.64,-4555000000.0,-1880000000.0
2025-06-13,94.21994018554688,39.9171877263994,165609000000.0,7135000000.0,4.308340730274321,4487000000.0,4.763929488882983,56.09864474561208,0.58,0.61,상회,5.64,-4555000000.0,-1880000000.0
2025-06-16,94.0702896118164,39.853786815369325,165609000000.0,7135000000.0,4.308340730274321,4487000000.0,4.763929488882983,56.09864474561208,0.58,0.61,상회,5.64,-4555000000.0,-1880000000.0
2025-06-17,94.03038024902344,39.83687882833908,165609000000.0,7135000000.0,4.308340730274321,4487000000.0,4.763929488882983,56.09864474561208,0.58,0.61,상회,5.64,-4555000000.0,-1880000000.0
2025-06-18,94.86841583251953,40.19192069784079,165609000000.0,7135000000.0,4.308340730274321,4487000000.0,4.763929488882983,56.09864474561208,0.58,0.61,상회,5.64,-4555000000.0,-1880000000.0
2025-06-20,95.89602661132812,40.6272779299362,165609000000.0,7135000000.0,4.308340730274321,4487000000.0,4.763929488882983,56.09864474561208,0.58,0.61,상회,5.64,-4555000000.0,-1880000000.0
2025-06-23,97.6419448852539,41.36695307044257,165609000000.0,7135000000.0,4.308340730274321,4487000000.0,4.763929488882983,56.09864474561208,0.58,0.61,상회,5.64,-4555000000.0,-1880000000.0
2025-06-24,97.77164459228516,41.42190160409086,165609000000.0,7135000000.0,4.308340730274321,4487000000.0,4.763929488882983,56.09864474561208,0.58,0.61,상회,5.64,-4555000000.0,-1880000000.0
2025-06-25,97.03337097167969,41.10912485376474,165609000000.0,7135000000.0,4.308340730274321,4487000000.0,4.763929488882983,56.09864474561208,0.58,0.61,상회,5.64,-4555000000.0,-1880000000.0
2025-06-26,95.79624938964844,40.58500634622724,165609000000.0,7135000000.0,4.308340730274321,4487000000.0,4.763929488882983,56.09864474561208,0.58,0.61,상회,5.64,-4555000000.0,-1880000000.0
2025-06-27,97.04334259033203,41.11334942632229,165609000000.0,7135000000.0,4.308340730274321,4487000000.0,4.763929488882983,56.09864474561208,0.58,0.61,상회,5.64,-4555000000.0,-1880000000.0
2025-06-30,97.55215454101562,41.32891252382453,165609000000.0,7135000000.0,4.308340730274321,4487000000.0,4.763929488882983,56.09864474561208,0.58,0.61,상회,5.64,-4555000000.0,-1880000000.0
2025-07-01,98.01107788085938,41.52333982947229,165609000000.0,7135000000.0,4.308340730274321,4487000000.0,4.763929488882983,56.09864474561208,0.58,0.61,상회,5.64,-4555000000.0,-1880000000.0
2025-07-02,97.38255310058594,41.257059235412676,165609000000.0,7135000000.0,4.308340730274321,4487000000.0,4.763929488882983,56.09864474561208,0.58,0.61,상회,5.64,-4555000000.0,-1880000000.0
2025-07-03,98.13080596923828,41.57406379056303,165609000000.0,7135000000.0,4.308340730274321,4487000000.0,4.763929488882983,56.09864474561208,0.58,0.61,상회,5.64,-4555000000.0,-1880000000.0
2025-07-07,99.11849212646484,41.99250657109482,165609000000.0,7135000000.0,4.308340730274321,4487000000.0,4.763929488882983,56.09864474561208,0.58,0.61,상회,5.64,-4555000000.0,-1880000000.0
2025-07-08,96.86376190185547,41.0372683330862,165609000000.0,7135000000.0,4.308340730274321,4487000000.0,4.763929488882983,56.09864474561208,0.58,0.61,상회,5.64,-4555000000.0,-1880000000.0
2025-07-09,96.58441162109375,40.91891888840784,165609000000.0,7135000000.0,4.308340730274321,4487000000.0,4.763929488882983,56.09864474561208,0.58,0.61,상회,5.64,-4555000000.0,-1880000000.0
2025-07-10,94.63896179199219,40.094710277283596,165609000000.0,7135000000.0,4.308340730274321,4487000000.0,4.763929488882983,56.09864474561208,0.58,0.61,상회,5.64,-4555000000.0,-1880000000.0
2025-07-11,94.1800308227539,39.900279739369154,165609000000.0,7135000000.0,4.308340730274321,4487000000.0,4.763929488882983,56.09864474561208,0.58,0.61,상회,5.64,-4555000000.0,-1880000000.0
2025-07-14,95.55681610107422,40.48356812084581,165609000000.0,7135000000.0,4.308340730274321,4487000000.0,4.763929488882983,56.09864474561208,0.58,0.61,상회,5.64,-4555000000.0,-1880000000.0
2025-07-15,95.167724609375,40.31872575216762,165609000000.0,7135000000.0,4.308340730274321,4487000000.0,4.763929488882983,56.09864474561208,0.58,0.61,상회,5.64,-4555000000.0,-1880000000.0
2025-07-16,94.92828369140625,40.21728429451951,165609000000.0,7135000000.0,4.308340730274321,4487000000.0,4.763929488882983,56.09864474561208,0.58,0.61,상회,5.64,-4555000000.0,-1880000000.0
2025-07-17,94.86841583251953,40.19192069784079,165609000000.0,7135000000.0,4.308340730274321,4487000000.0,4.763929488882983,56.09864474561208,0.58,0.61,상회,5.64,-4555000000.0,-1880000000.0
2025-07-18,94.82852172851562,40.17501917534392,165609000000.0,7135000000.0,4.308340730274321,4487000000.0,4.763929488882983,56.09864474561208,0.58,0.61,상회,5.64,-4555000000.0,-1880000000.0
2025-07-21,95.44706726074219,40.437071964579296,165609000000.0,7135000000.0,4.308340730274321,4487000000.0,4.763929488882983,56.09864474561208,0.58,0.61,상회,5.64,-4555000000.0,-1880000000.0
2025-07-22,95.62664794921875,40.51315305781539,165609000000.0,7135000000.0,4.308340730274321,4487000000.0,4.763929488882983,56.09864474561208,0.58,0.61,상회,5.64,-4555000000.0,-1880000000.0
2025-07-23,95.45704650878906,40.44129976940353,165609000000.0,7135000000.0,4.308340730274321,4487000000.0,4.763929488882983,56.09864474561208,0.58,0.61,상회,5.64,-4555000000.0,-1880000000.0
2025-07-24,96.3749008178711,40.83015761296574,165609000000.0,7135000000.0,4.308340730274321,4487000000.0,4.763929488882983,56.09864474561208,0.58,0.61,상회,5.64,-4555000000.0,-1880000000.0
2025-07-25,97.24288177490234,41.197886129206836,165609000000.0,7135000000.0,4.308340730274321,4487000000.0,4.763929488882983,56.09864474561208,0.58,0.61,상회,5.64,-4555000000.0,-1880000000.0
2025-07-28,97.38255310058594,41.257059235412676,165609000000.0,7135000000.0,4.308340730274321,4487000000.0,4.763929488882983,56.09864474561208,0.58,0.61,상회,5.64,-4555000000.0,-1880000000.0
2025-07-29,98.10087585449219,41.56138360835702,165609000000.0,7135000000.0,4.308340730274321,4487000000.0,4.763929488882983,56.09864474561208,0.58,0.61,상회,5.64,-4555000000.0,-1880000000.0
2025-07-30,97.36259460449219,41.24860362576421,165609000000.0,7135000000.0,4.308340730274321,4487000000.0,4.763929488882983,56.09864474561208,0.58,0.61,상회,5.64,-4555000000.0,-1880000000.0
2025-07-31,97.75169372558594,36.51422886982001,177402000000.0,7286000000.0,4.107056290233481,7026000000.0,4.763929488882983,56.09864474561208,0.58,0.61,상회,5.64,-1645000000.0,-1875000000.0
2025-08-01,98.260498046875,36.70428795452146,177402000000.0,7286000000.0,4.107056290233481,7026000000.0,4.763929488882983,56.09864474561208,0.58,0.61,상회,5.64,-1645000000.0,-1875000000.0
2025-08-04,99.3579330444336,37.11422451053754,177402000000.0,7286000000.0,4.107056290233481,7026000000.0,4.763929488882983,56.09864474561208,0.58,0.61,상회,5.64,-1645000000.0,-1875000000.0
2025-08-05,99.0785903930664,37.00987868166875,177402000000.0,7286000000.0,4.107056290233481,7026000000.0,4.763929488882983,56.09864474561208,0.58,0.61,상회,5.64,-1645000000.0,-1875000000.0
2025-08-06,103.11915588378906,38.51919404459148,177402000000.0,7286000000.0,4.107056290233481,7026000000.0,4.763929488882983,56.09864474561208,0.58,0.61,상회,5.64,-1645000000.0,-1875000000.0
2025-08-07,102.87971496582031,38.429753134196055,177402000000.0,7286000000.0,4.107056290233481,7026000000.0,4.763929488882983,56.09864474561208,0.58,0.61,상회,5.64,-1645000000.0,-1875000000.0
2025-08-08,103.48829650878906,38.657083064747354,177402000000.0,7286000000.0,4.107056290233481,7026000000.0,4.763929488882983,56.09864474561208,0.58,0.61,상회,5.64,-1645000000.0,-1875000000.0
2025-08-11,103.68782806396484,38.7316162067806,177402000000.0,7286000000.0,4.107056290233481,7026000000.0,4.763929488882983,56.09864474561208,0.58,0.61,상회,5.64,-1645000000.0,-1875000000.0
2025-08-12,103.37854766845703,38.61608741422358,177402000000.0,7286000000.0,4.107056290233481,7026000000.0,4.763929488882983,56.09864474561208,0.58,0.61,상회,5.64,-1645000000.0,-1875000000.0
2025-08-13,100.75466918945312,37.635962204547894,177402000000.0,7286000000.0,4.107056290233481,7026000000.0,4.763929488882983,56.09864474561208,0.58,0.61,상회,5.64,-1645000000.0,-1875000000.0
2025-08-14,100.61499786376953,37.5837892901135,177402000000.0,7286000000.0,4.107056290233481,7026000000.0,4.763929488882983,56.09864474561208,0.58,0.61,상회,5.64,-1645000000.0,-1875000000.0
2025-08-15,100.0,37.354062603073466,177402000000.0,7286000000.0,4.107056290233481,7026000000.0,4.763929488882983,56.09864474561208,0.58,0.61,상회,5.64,-1645000000.0,-1875000000.0
2025-08-18,100.69999694824219,37.61553990133945,177402000000.0,7286000000.0,4.107056290233481,7026000000.0,4.763929488882983,56.09864474561208,0.58,0.61,상회,5.64,-1645000000.0,-1875000000.0
2025-08-19,101.29000091552734,37.83593035263977,177402000000.0,7286000000.0,4.107056290233481,7026000000.0,4.763929488882983,56.09864474561208,0.58,0.61,상회,5.64,-1645000000.0,-1875000000.0
2025-08-20,102.56999969482422,38.3140618979769,177402000000.0,7286000000.0,4.107056290233481,7026000000.0,4.763929488882983,56.09864474561208,0.58,0.61,상회,5.64,-1645000000.0,-1875000000.0
2025-08-21,97.95999908447266,36.59203938398411,177402000000.0,7286000000.0,4.107056290233481,7026000000.0,4.763929488882983,56.09864474561208,0.58,0.61,상회,5.64,-1645000000.0,-1875000000.0
2025-08-22,96.83000183105469,36.169939502529346,177402000000.0,7286000000.0,4.107056290233481,7026000000.0,4.763929488882983,56.09864474561208,0.74,0.68,하회,-7.97,-1645000000.0,-1875000000.0
2025-08-25,96.06999969482422,35.88604782877712,177402000000.0,7286000000.0,4.107056290233481,7026000000.0,4.763929488882983,56.09864474561208,0.74,0.68,하회,-7.97,-1645000000.0,-1875000000.0
2025-08-26,96.05000305175781,35.87857827020758,177402000000.0,7286000000.0,4.107056290233481,7026000000.0,4.763929488882983,56.09864474561208,0.74,0.68,하회,-7.97,-1645000000.0,-1875000000.0
2025-08-27,96.08000183105469,35.8897840330063,177402000000.0,7286000000.0,4.107056290233481,7026000000.0,4.763929488882983,56.09864474561208,0.74,0.68,하회,-7.97,-1645000000.0,-1875000000.0
2025-08-28,96.11000061035156,35.90098979580501,177402000000.0,7286000000.0,4.107056290233481,7026000000.0,4.763929488882983,56.09864474561208,0.74,0.68,하회,-7.97,-1645000000.0,-1875000000.0
2025-08-29,96.9800033569336,36.22597116641172,177402000000.0,7286000000.0,4.107056290233481,7026000000.0,4.763929488882983,56.09864474561208,0.74,0.68,하회,-7.97,-1645000000.0,-1875000000.0
2025-09-02,97.8499984741211,36.550949687129624,177402000000.0,7286000000.0,4.107056290233481,7026000000.0,4.763929488882983,56.09864474561208,0.74,0.68,하회,-7.97,-1645000000.0,-1875000000.0
2025-09-03,99.44000244140625,37.14488076446067,177402000000.0,7286000000.0,4.107056290233481,7026000000.0,4.763929488882983,56.09864474561208,0.74,0.68,하회,-7.97,-1645000000.0,-1875000000.0
2025-09-04,100.93000030517578,37.7014554992776,177402000000.0,7286000000.0,4.107056290233481,7026000000.0,4.763929488882983,56.09864474561208,0.74,0.68,하회,-7.97,-1645000000.0,-1875000000.0
2025-09-05,100.51000213623047,37.544569120318,177402000000.0,7286000000.0,4.107056290233481,7026000000.0,4.763929488882983,56.09864474561208,0.74,0.68,하회,-7.97,-1645000000.0,-1875000000.0
2025-09-08,102.27999877929688,38.20573477444133,177402000000.0,7286000000.0,4.107056290233481,7026000000.0,4.763929488882983,56.09864474561208,0.74,0.68,하회,-7.97,-1645000000.0,-1875000000.0
2025-09-09,102.29000091552734,38.2094709786705,177402000000.0,7286000000.0,4.107056290233481,7026000000.0,4.763929488882983,56.09864474561208,0.74,0.68,하회,-7.97,-1645000000.0,-1875000000.0
2025-09-10,100.41000366210938,37.507215627692695,177402000000.0,7286000000.0,4.107056290233481,7026000000.0,4.763929488882983,56.09864474561208,0.74,0.68,하회,-7.97,-1645000000.0,-1875000000.0
2025-09-11,102.6500015258789,38.343945832032674,177402000000.0,7286000000.0,4.107056290233481,7026000000.0,4.763929488882983,56.09864474561208,0.74,0.68,하회,-7.97,-1645000000.0,-1875000000.0
2025-09-12,103.48999786376953,38.65771858995186,177402000000.0,7286000000.0,4.107056290233481,7026000000.0,4.763929488882983,56.09864474561208,0.74,0.68,하회,-7.97,-1645000000.0,-1875000000.0
2025-09-15,103.69000244140625,38.73242842509129,177402000000.0,7286000000.0,4.107056290233481,7026000000.0,4.763929488882983,56.09864474561208,0.74,0.68,하회,-7.97,-1645000000.0,-1875000000.0
2025-09-16,103.41999816894531,38.63157086012526,177402000000.0,7286000000.0,4.107056290233481,7026000000.0,4.763929488882983,56.09864474561208,0.74,0.68,하회,-7.97,-1645000000.0,-1875000000.0
2025-09-17,104.2699966430664,38.949079822273625,177402000000.0,7286000000.0,4.107056290233481,7026000000.0,4.763929488882983,56.09864474561208,0.74,0.68,하회,-7.97,-1645000000.0,-1875000000.0
2025-09-18,103.5999984741211,38.69880828680635,177402000000.0,7286000000.0,4.107056290233481,7026000000.0,4.763929488882983,56.09864474561208,0.74,0.68,하회,-7.97,-1645000000.0,-1875000000.0
2025-09-19,102.33000183105469,38.22441294569839,177402000000.0,7286000000.0,4.107056290233481,7026000000.0,4.763929488882983,56.09864474561208,0.74,0.68,하회,-7.97,-1645000000.0,-1875000000.0
2025-09-22,102.81999969482422,38.407447054484585,177402000000.0,7286000000.0,4.107056290233481,7026000000.0,4.763929488882983,56.09864474561208,0.74,0.68,하회,-7.97,-1645000000.0,-1875000000.0
2025-09-23,102.5199966430664,38.29538372671984,177402000000.0,7286000000.0,4.107056290233481,7026000000.0,4.763929488882983,56.09864474561208,0.74,0.68,하회,-7.97,-1645000000.0,-1875000000.0
2025-09-24,102.7300033569336,38.37382976608845,177402000000.0,7286000000.0,4.107056290233481,7026000000.0,4.763929488882983,56.09864474561208,0.74,0.68,하회,-7.97,-1645000000.0,-1875000000.0
2025-09-25,103.05000305175781,38.493362652422725,177402000000.0,7286000000.0,4.107056290233481,7026000000.0,4.763929488882983,56.09864474561208,0.74,0.68,하회,-7.97,-1645000000.0,-1875000000.0
2025-09-26,103.16000366210938,38.53445234927722,177402000000.0,7286000000.0,4.107056290233481,7026000000.0,4.763929488882983,56.09864474561208,0.74,0.68,하회,-7.97,-1645000000.0,-1875000000.0
2025-09-29,103.08000183105469,38.50456841522144,177402000000.0,7286000000.0,4.107056290233481,7026000000.0,4.763929488882983,56.09864474561208,0.74,0.68,하회,-7.97,-1645000000.0,-1875000000.0
2025-09-30,103.05999755859375,38.497096006763094,177402000000.0,7286000000.0,4.107056290233481,7026000000.0,4.763929488882983,56.09864474561208,0.74,0.68,하회,-7.97,-1645000000.0,-1875000000.0
